,replicates_count,train_replicate,repeat_no,time(min),R_train,R_validation,R_test_insample,R_test_independent,R_testHQ
0,k1,Virus1_IT_R1,0,4,0.7802212532933893,0.7356316162302594,0.7394252351439594,"[0.7307946310293039, 0.7193674194177148, 0.7179693900792129, 0.5677262822027457, 0.5694042881084747, 0.5620312660841622, 0.5508495650983952, 0.5253675779150971, 0.5173022686930335, 0.4976470922542812, 0.4583364757776617, 0.46562911799261064]",0.8484032692305716
1,k1,Virus1_IT_R1,1,4,0.7748210081281919,0.7367067124737302,0.7272125249929985,"[0.7325259000462601, 0.7215416617012477, 0.7206792580142598, 0.5719266381046316, 0.573479631525995, 0.5662989586926783, 0.5552500844088645, 0.530268091900165, 0.5233255431700472, 0.49707151781393977, 0.46095551082006797, 0.4672199750315576]",0.8395807346230205
2,k1,Virus1_IT_R1,2,3,0.7652450905678098,0.7203352122685945,0.7391474785989542,"[0.7294380365344433, 0.7181162672083756, 0.7167765835854897, 0.5618948771188418, 0.5637426545298103, 0.5563006058973529, 0.542151222882405, 0.5170566736186454, 0.5096571061197718, 0.49117049677589464, 0.45349896032941445, 0.4606029555280813]",0.8343210672052885
3,k1,Virus1_IT_R1,3,3,0.7690200333219106,0.7484665616485994,0.7527429696042641,"[0.7388917734596399, 0.7278435789749909, 0.7263981787753573, 0.5763970493764426, 0.5776366743619576, 0.5705347704262549, 0.5588321934049739, 0.5337476706621004, 0.525931113025487, 0.5010400114842387, 0.462810685863001, 0.46949087510336546]",0.8486067215639405
4,k1,Virus1_IT_R1,4,4,0.7733458147823995,0.7376349144511927,0.7444244009253379,"[0.7126954148637443, 0.6994912947106916, 0.6984296314230647, 0.5424422616831381, 0.5436736729229891, 0.5358850014809309, 0.5205757717091622, 0.49459349683122217, 0.48474607576481377, 0.4802065007993945, 0.440976641863964, 0.44795083416201037]",0.8304011248344034
5,k1,Virus1_IT_R1,5,4,0.7663543268942722,0.7450332323199145,0.7477255285518873,"[0.7398022737132707, 0.7292727364793365, 0.7273758341137652, 0.5796259469150926, 0.5811779995731516, 0.5732368849230711, 0.5662068098492529, 0.5414432023697496, 0.5329456025367634, 0.5057236200537684, 0.4664875998396586, 0.4728651437280731]",0.856716430088498
6,k1,Virus1_IT_R1,6,4,0.7681395427940326,0.728736947991933,0.7395907869266148,"[0.7366271555503681, 0.7262853203120448, 0.7246100753401228, 0.575227982209993, 0.577323937544153, 0.5698534913493164, 0.5593880624146402, 0.5349731845792276, 0.5270795748432173, 0.4996106508826617, 0.4622059599201205, 0.4697056525623274]",0.8453375670692644
7,k1,Virus1_IT_R1,7,28,0.7756409397292509,0.7425923016127376,0.7329080751183576,"[0.7249390740667325, 0.7131274253782642, 0.7121047891268882, 0.5593214463204127, 0.5614425149968568, 0.5545734749853946, 0.5412641172627303, 0.5158573935417105, 0.5072772126935886, 0.4910592276809068, 0.4526551858777841, 0.4592950740591751]",0.8351336787913932
8,k1,Virus1_IT_R1,8,4,0.77611288338158,0.75143183230649,0.7424045969949237,"[0.7377403218435584, 0.72650735425656, 0.7250824204228445, 0.5781370755283711, 0.5797089524801271, 0.5720285861070232, 0.5621916486687198, 0.5379298598725394, 0.5300280159315492, 0.5031372378547749, 0.46597114359810776, 0.4727372985349809]",0.8511006440482344
9,k1,Virus1_IT_R1,9,3,0.7690416430549615,0.737066504837609,0.7297735922924454,"[0.7364863097127877, 0.7244707218454898, 0.7234649372215496, 0.5751317272959536, 0.5768990410252028, 0.5693120853740218, 0.5606190723296377, 0.5355830322753798, 0.5273069071354017, 0.5046063661191016, 0.46513174242730226, 0.4724525706020484]",0.853678767843802
10,k1,Virus1_IT_R2,0,4,0.7733292414399235,0.7273939269753187,0.7200229315470235,"[0.7220479459371578, 0.7104717350680969, 0.7091791287884356, 0.5562913934140352, 0.5579911180420023, 0.5501929591819381, 0.5375970610066163, 0.5125213423373607, 0.5042367582615952, 0.4888801039330668, 0.4503838250868547, 0.4559184457488696]",0.8311905157396494
11,k1,Virus1_IT_R2,1,4,0.7588604982872079,0.7230005347848316,0.7302453318037603,"[0.7256620724659332, 0.71370092676951, 0.7117841426983947, 0.5547804567984876, 0.5565009431658106, 0.5481769265935493, 0.5354568249038432, 0.5093383029241986, 0.5007071116304108, 0.488701221022714, 0.450237374904305, 0.45776801894998803]",0.8325656594259819
12,k1,Virus1_IT_R2,2,4,0.7672310651007055,0.7313842903981038,0.7243147900013038,"[0.7299379262915497, 0.7180650901657756, 0.7167174978306958, 0.5621537435624969, 0.5639959201433474, 0.5556374666850663, 0.5461290755501876, 0.5199428554701546, 0.5116333522624102, 0.49396668593985543, 0.45498102719757605, 0.4616969821873183]",0.842119816687241
13,k1,Virus1_IT_R2,3,4,0.7765479772887494,0.7341843727918327,0.7062729685806335,"[0.729340494432891, 0.7182946997838355, 0.7173649293927273, 0.5683858590382942, 0.5700413931621315, 0.5628615835102098, 0.5516830427274311, 0.5265332576671362, 0.5197428780996824, 0.49483811188464294, 0.457933031470726, 0.4628694835939138]",0.8349188717756036
14,k1,Virus1_IT_R2,4,3,0.7534837618818481,0.7274698498091867,0.7397437664984167,"[0.7313052681298141, 0.7203158130767766, 0.7190542674115354, 0.5631052461554831, 0.5656585940037947, 0.5572780353118592, 0.5455934324560485, 0.5207998258203146, 0.5126547242340931, 0.49506422904050507, 0.4572769475892073, 0.4639143150986577]",0.8344800028035982
15,k1,Virus1_IT_R2,5,4,0.7782160694025635,0.7396114471381949,0.7149936740154038,"[0.7339569774669258, 0.7238020223076904, 0.7227235988600551, 0.5769119351928151, 0.5790822698877214, 0.5709486590322411, 0.5624295292235136, 0.5382305651388649, 0.5305853871815566, 0.5032337735280875, 0.4661144421644934, 0.4718407976391425]",0.8442938098895865
16,k1,Virus1_IT_R2,6,4,0.7683293548697235,0.7200836605006704,0.7229066898279424,"[0.7409723976707725, 0.7307259067504533, 0.7288395182461934, 0.5865964372104355, 0.5883137387351943, 0.5800841022863635, 0.5738373787671822, 0.5494567023309853, 0.5424284489765443, 0.5092162238230316, 0.471909681668117, 0.4781338872100981]",0.8545527248060238
17,k1,Virus1_IT_R2,7,4,0.7640356209218453,0.7313932616572097,0.7249863360477566,"[0.7246982888256505, 0.7141009889590594, 0.7129619499506917, 0.5552208566042429, 0.5565681452556547, 0.5486093241634022, 0.533281274034101, 0.5088319500082169, 0.5010997729620605, 0.486838675920688, 0.4492062250712834, 0.4555609117970675]",0.8248943670799638
18,k1,Virus1_IT_R2,8,5,0.7674033606393831,0.7290918394457954,0.724514381672425,"[0.7209598915412868, 0.7090963869105704, 0.7082250958984411, 0.5501503923130168, 0.551380920272106, 0.5432738352909038, 0.532775225425922, 0.5073936681553028, 0.49840320764871887, 0.48578933426326804, 0.44601767682997984, 0.4534410457235063]",0.8319272070063757
19,k1,Virus1_IT_R2,9,5,0.7602520758454975,0.7256265650241461,0.72858803506233,"[0.7412608593130606, 0.7309946941858486, 0.7300904936255644, 0.5793574673862525, 0.5817612191971012, 0.5734187191122493, 0.5657196029267262, 0.5416912602090806, 0.5338251468534728, 0.5041514277477636, 0.4675754542929234, 0.47351836626650723]",0.8509103806730111
20,k1,Virus1_IT_R3,0,4,0.7645082980874472,0.7248242816867643,0.737023858623422,"[0.7322687647133878, 0.7202366886082554, 0.7196530298676226, 0.5670435265408152, 0.5683058584667302, 0.5613057006193628, 0.5503615272609444, 0.5253184646135285, 0.5180352966264092, 0.497937980494449, 0.4591546923519864, 0.4661333130877911]",0.8424646926096239
21,k1,Virus1_IT_R3,1,6,0.7782697307534684,0.7386187730938656,0.7402010993683867,"[0.7306547890829318, 0.7187130829302518, 0.7179587163877645, 0.5710274756633685, 0.5721442900243461, 0.565026809237759, 0.5540271682152831, 0.529911622040694, 0.5223017975720566, 0.49990271934660113, 0.46213591124461917, 0.4686792352476378]",0.844946660477215
22,k1,Virus1_IT_R3,2,6,0.782016566433358,0.7449455593021369,0.7135236173326954,"[0.7220939903265224, 0.7094799894416063, 0.7077298209292562, 0.5518560453997268, 0.5533528058760987, 0.5450884236251334, 0.5332059653594177, 0.5083226691004252, 0.4999456207945984, 0.4852959885720952, 0.4469788325468801, 0.45330106531465014]",0.8292510241966622
23,k1,Virus1_IT_R3,3,5,0.7729231285195274,0.7420779805922294,0.7341990727050722,"[0.7164065022643374, 0.7038825120675155, 0.702262055916951, 0.5424786913906202, 0.5446840805330689, 0.5373867124322272, 0.5233487525916862, 0.49840725055927637, 0.4900839578243222, 0.47848179532567214, 0.4405215703648781, 0.4465701710955059]",0.8196772909019729
24,k1,Virus1_IT_R3,4,4,0.7525249417071385,0.7195492072265816,0.7321015517270487,"[0.7095141856784625, 0.696367303378089, 0.6949805082759832, 0.5345457284963211, 0.5364215712964941, 0.5281888890792188, 0.5109929268186558, 0.4846996941719554, 0.4759935738917203, 0.4747908643771604, 0.4342942084720936, 0.4429098033727843]",0.8137788052186997
25,k1,Virus1_IT_R3,5,4,0.7693281041314628,0.7312685033513903,0.7354871713946982,"[0.7331237164060254, 0.7222249631966757, 0.720407713971487, 0.5670192199301074, 0.5685864741220142, 0.5611384930510566, 0.549838959905696, 0.525170572023631, 0.5174749184625445, 0.496681506474037, 0.45794157948578934, 0.46466067473417094]",0.840171438657072
26,k1,Virus1_IT_R3,6,4,0.7596270986702096,0.7235580513505379,0.7372343356647584,"[0.7275138172849718, 0.715796410018577, 0.7149487805866576, 0.5540713922764176, 0.5556944051398877, 0.5480001597105243, 0.5346481731889037, 0.5095385819633325, 0.5019070281415584, 0.48827815798081226, 0.4500330157465026, 0.45789558202720027]",0.8241912380473567
27,k1,Virus1_IT_R3,7,5,0.7779269035825458,0.7391869773762592,0.7302256496096347,"[0.7297379092457084, 0.7180696884384634, 0.7165200328312769, 0.5617103477801876, 0.5630971884250449, 0.5557163533247833, 0.5461220996546414, 0.5219463781331922, 0.5135270470717191, 0.4931818394120916, 0.45551992667860297, 0.4619554020912433]",0.8368142683306987
28,k1,Virus1_IT_R3,8,4,0.7709168606075184,0.744991804462169,0.7350623120486253,"[0.7303772730507837, 0.7187766256731255, 0.717514055016531, 0.567294610584623, 0.5686528984382778, 0.5611128292479104, 0.5495778167011085, 0.5249786871886293, 0.5170794259745611, 0.49840002609836576, 0.460859845004986, 0.467528842844045]",0.8408842909354175
29,k1,Virus1_IT_R3,9,4,0.7759240777816758,0.7275807772308122,0.7248732452798806,"[0.7303483013423332, 0.7183829440545144, 0.7169889326247724, 0.563285504671624, 0.564658444262664, 0.5574842935305387, 0.5435253980527568, 0.5190583059273329, 0.5113468950749007, 0.49423898513312986, 0.45551967656310394, 0.46249970130342116]",0.8364460908841648
30,k1,Virus2_IT_R1,0,4,0.7631020614851002,0.7210716701222434,0.7145252563118737,"[0.7119661904218643, 0.6988363681221827, 0.6994673685941285, 0.65645376336045, 0.6588765948178846, 0.6518559975319069, 0.6652019111577037, 0.6456690170910936, 0.6393150170543529, 0.5506599631449627, 0.5160008582237444, 0.5217896391000486]",0.9047531506671467
31,k1,Virus2_IT_R1,1,5,0.7617984063045207,0.7203476892681296,0.7105942275939653,"[0.7136932956977907, 0.701026996204003, 0.7011493891139837, 0.6556986180135652, 0.6597218986317996, 0.6514464063500621, 0.6638708059389602, 0.6435124355999279, 0.6385103251752644, 0.5485397874999695, 0.5157770966546784, 0.5197381477634082]",0.9029885644955303
32,k1,Virus2_IT_R1,2,4,0.7566412333650748,0.7211742604960683,0.7217139542615061,"[0.7054869772913703, 0.6927617312857568, 0.6944751316703087, 0.6576216863752214, 0.6604875375806767, 0.6531785772492774, 0.6676665593323415, 0.6477238215951961, 0.6426534357786508, 0.5455429490867052, 0.5120023797688216, 0.5177700512469428]",0.9044877991378254
33,k1,Virus2_IT_R1,3,5,0.7663762269716201,0.7273900269968245,0.7241022574188637,"[0.7120451527342466, 0.699507061675595, 0.6999989767071786, 0.6516053776876675, 0.6541764208560941, 0.646522774737008, 0.6618167358822454, 0.6410421656669255, 0.6357771379904822, 0.5518530976727801, 0.5170220464049452, 0.5208971944316675]",0.9095310011539984
34,k1,Virus2_IT_R1,4,4,0.7649429714686079,0.7182870551416094,0.7123036775512606,"[0.7164790956996022, 0.704566157376, 0.7047289378541524, 0.6561727027624379, 0.6582673231474893, 0.6511452887284872, 0.6632741858934833, 0.6432954073749324, 0.6381648566542151, 0.5489028172414193, 0.5139990520659485, 0.5188286141306658]",0.9067107568281549
35,k1,Virus2_IT_R1,5,4,0.7598977045427435,0.7283071974366347,0.7229065171009155,"[0.7139094043391736, 0.7011861766549631, 0.7020148452396876, 0.6586983978142611, 0.661125230438403, 0.6532967997341814, 0.6705196241452618, 0.6497433494356423, 0.644849407468362, 0.5523436901938543, 0.5180994723195735, 0.5231367116642269]",0.9096366785465018
36,k1,Virus2_IT_R1,6,4,0.7520878688590297,0.7202684049498271,0.7335398461971712,"[0.7129643641660209, 0.7002031884003457, 0.7012860857160822, 0.662303770130166, 0.6648680613268417, 0.6575145815066074, 0.6706885480921241, 0.6501619000109872, 0.6451124449321254, 0.5531555484352774, 0.5179323320088807, 0.5240589238276426]",0.9103902321073672
37,k1,Virus2_IT_R1,7,4,0.7583305293817499,0.7291192164692499,0.7246510566173049,"[0.7083740669154635, 0.6962644883980883, 0.6960218112273363, 0.6556385156224948, 0.6579906343378373, 0.6513375253743874, 0.666747523680295, 0.6463082748943979, 0.6416563753887168, 0.54967652184196, 0.5139742390111517, 0.5184479235912061]",0.9106751320996082
38,k1,Virus2_IT_R1,8,3,0.7475421068798781,0.7105507734028709,0.723619515439912,"[0.7027627195972336, 0.6895925324544655, 0.6909631404856313, 0.660464442092631, 0.6636957771343428, 0.6574127614872324, 0.6732964978723274, 0.6528811726450486, 0.6481785044368158, 0.5524393198621853, 0.5175441473163641, 0.5237443864970629]",0.912449984809408
39,k1,Virus2_IT_R1,9,4,0.754247154533246,0.7170146468913349,0.7155187701523007,"[0.7008225200415769, 0.6882148642530935, 0.689371452121325, 0.6577307188089606, 0.6603435278423303, 0.6524304127107596, 0.6711378635404572, 0.6512188850253574, 0.6457815190566396, 0.5484107245815516, 0.5131297935626832, 0.5180167357613983]",0.90800712239301
40,k1,Virus2_IT_R2,0,4,0.754525156935962,0.7238762519107899,0.6974558245150826,"[0.6987073444883217, 0.6854951264777804, 0.6869328899668414, 0.6570767384622406, 0.6590523753702211, 0.6527899633082034, 0.6686854727068858, 0.6486616760106565, 0.6444051427158268, 0.5499930635350524, 0.515354813964306, 0.5199545917491634]",0.9089272397464512
41,k1,Virus2_IT_R2,1,3,0.7478071719157919,0.7020562166762829,0.7306012749580356,"[0.7184577983862384, 0.7063365997349991, 0.7064270208874921, 0.6585309134288035, 0.6615099029200908, 0.6540389456397574, 0.6678373593048489, 0.6474546679910853, 0.6417942611723431, 0.5553334041130847, 0.5194918309242629, 0.5260408020623124]",0.9125184685639005
42,k1,Virus2_IT_R2,2,3,0.7538051023336105,0.7260593556271884,0.7138821974779702,"[0.7058699315091728, 0.6942294786001324, 0.6951140641790565, 0.6597886996139746, 0.6625295044070869, 0.655737901758251, 0.6695850686851356, 0.6493885627834318, 0.6443726819427201, 0.5497589225214596, 0.5143414647206096, 0.5202227172985309]",0.9112702588142663
43,k1,Virus2_IT_R2,3,3,0.7630883393348981,0.7209527419738498,0.7042097713334409,"[0.6969753948206684, 0.6851745585042681, 0.6861866209054269, 0.658857530161401, 0.6610228516950136, 0.6547798059639617, 0.6679977197421382, 0.648561732225244, 0.6439169198855048, 0.5460153642938079, 0.512454830782959, 0.5173025961228458]",0.9080917289639202
44,k1,Virus2_IT_R2,4,2,0.7436665190322904,0.7176835209769947,0.711054723760977,"[0.7198136350009173, 0.7075711939415898, 0.7085548478744219, 0.6590083768654684, 0.6617667659879808, 0.6553189433094337, 0.6642598441172756, 0.6439187024653611, 0.6384275802438836, 0.5521384522180947, 0.5172854453520371, 0.5225806309592689]",0.9064607952392028
45,k1,Virus2_IT_R2,5,3,0.753849921477746,0.7131420590377008,0.7149766641244478,"[0.7167024568870042, 0.7045193107595827, 0.7058498920428051, 0.6625493705455651, 0.6651171627844042, 0.6584423018505511, 0.6690126871152167, 0.6483350463249099, 0.6432831881555316, 0.553395557495468, 0.5195912087200734, 0.5251048057914872]",0.9121667208986138
46,k1,Virus2_IT_R2,6,3,0.7473494126135148,0.7176302522865566,0.7148541247612834,"[0.7026406226872097, 0.6884858845550741, 0.6908054343063339, 0.6600797606857954, 0.6635302889446653, 0.656528888257874, 0.6694796187938998, 0.6503968928082452, 0.645329215291834, 0.550407465619131, 0.5165583813357967, 0.5211087326129545]",0.9077832216229639
47,k1,Virus2_IT_R2,7,3,0.7623293586515131,0.7044465178637642,0.7275983377140307,"[0.7131140201166003, 0.7003696628530772, 0.7020026479417111, 0.6559445899916949, 0.6588461951354113, 0.6518071924808023, 0.6641587922308926, 0.6430993687913079, 0.6382631922837669, 0.552065114407503, 0.5171798905581061, 0.5227347864788062]",0.9096260079240138
48,k1,Virus2_IT_R2,8,2,0.7519153629767554,0.7249780943770622,0.7163622188573097,"[0.7176649691700648, 0.7050799474295097, 0.7057313163907734, 0.6570502537028089, 0.6600346000572098, 0.6526336673147688, 0.6648602584223959, 0.6448135725208461, 0.6392377457028087, 0.5551023574584386, 0.5191485134436153, 0.5248779720719946]",0.9089967738981833
49,k1,Virus2_IT_R2,9,3,0.760631349654916,0.7172941403403369,0.7148544818283838,"[0.7167792162295357, 0.7057977865343208, 0.7055896517154684, 0.6587678187176165, 0.6608251860767164, 0.6538565742820768, 0.6677270356874451, 0.6475906942669554, 0.6421350728621519, 0.5536064066195575, 0.5191832736083214, 0.524536125448871]",0.9085323275555695
50,k1,Virus2_IT_R3,0,3,0.7536166649758473,0.7027925725001206,0.7243701038135184,"[0.6913715531430421, 0.6785537820684389, 0.6803987293327552, 0.66104242189758, 0.6638968414134575, 0.656587716414551, 0.6704196176814142, 0.6508913079226256, 0.6463716673910957, 0.545149623614614, 0.5104667849747243, 0.5159608264768686]",0.9068142198737824
51,k1,Virus2_IT_R3,1,3,0.7643851778965693,0.7287815740099389,0.7198236876617669,"[0.7168424802859679, 0.7052448262999479, 0.7050444916470986, 0.6531518120048471, 0.656741396452691, 0.6496653575584135, 0.6592089264601303, 0.6385729619938246, 0.6332676336759175, 0.5514817406366116, 0.5172811577998202, 0.5229456068912047]",0.9039643322693943
52,k1,Virus2_IT_R3,2,3,0.7674441884290886,0.7337890681640465,0.7239595858633091,"[0.7077040861602212, 0.6946256104937398, 0.6954401118729339, 0.656547874927184, 0.659468624753054, 0.6530655025896921, 0.6664564701010747, 0.6472874414111545, 0.6430140680920936, 0.5522730570233109, 0.5161308367345367, 0.5203144315819903]",0.9049838735881702
53,k1,Virus2_IT_R3,3,3,0.7623829083440378,0.7247646508883696,0.719306436118511,"[0.7184848614563142, 0.7063707374319623, 0.7067248875134432, 0.6521070811299783, 0.6543968322908301, 0.6470614656508394, 0.6580347881855705, 0.6371092461785148, 0.6316698126194326, 0.5494117330321879, 0.5133113474725273, 0.5188691382187084]",0.9043078697486416
54,k1,Virus2_IT_R3,4,3,0.761829658846241,0.7218588410569444,0.7242232099191637,"[0.7142792389984485, 0.7018381879405381, 0.702728623808572, 0.6563409006906075, 0.659434413662827, 0.6522662200249038, 0.6639279940328693, 0.6442720328528749, 0.6394316531080313, 0.5498189956125914, 0.5144220628865124, 0.5196024896925228]",0.9065341420416323
55,k1,Virus2_IT_R3,5,2,0.7552750866508674,0.7123669818479456,0.7231038843095542,"[0.7110676182078703, 0.6986600371359774, 0.6997569646174312, 0.6628843194455779, 0.6655123621802922, 0.6583906862596411, 0.6726140923797265, 0.6524495906592285, 0.6473966222965601, 0.5533615290077587, 0.5185824281991039, 0.5249215704015451]",0.9114710921063349
56,k1,Virus2_IT_R3,6,3,0.7677962927598642,0.7250903225102154,0.7221772027305874,"[0.7137108200851159, 0.6999079859366664, 0.7018357506551436, 0.648032129878097, 0.6499967034934686, 0.6428011375413636, 0.6526590330426895, 0.6306774874156497, 0.624841921896357, 0.5477242965079598, 0.5118638662170036, 0.5162073406267279]",0.900496219263903
57,k1,Virus2_IT_R3,7,3,0.7663152885135192,0.7157811680807442,0.7301750266629207,"[0.716331677257485, 0.7044033522653466, 0.704696169803333, 0.6510303454667178, 0.654137646587052, 0.646875786351404, 0.6551347447393109, 0.6339327569076086, 0.629034515262838, 0.5500958937154525, 0.5141616934073947, 0.5194169088701452]",0.9043743609248204
58,k1,Virus2_IT_R3,8,2,0.7575189635161549,0.7214040017477206,0.7213787903290543,"[0.7090202439903026, 0.6963780159708077, 0.6973258429170847, 0.6553423687068374, 0.6583292557798832, 0.65167392848413, 0.662515284258946, 0.642576737864948, 0.6367829646367925, 0.5501948186865123, 0.5134184309668851, 0.519241018713645]",0.9081262908372116
59,k1,Virus2_IT_R3,9,2,0.7523518631134212,0.7189948264902907,0.7239450859167691,"[0.7071169604347735, 0.694831617553508, 0.6957465397086265, 0.6593110649948853, 0.6625407774121653, 0.655724926262322, 0.6704347460597687, 0.6510139228745818, 0.6447222340810618, 0.552508826718998, 0.5178056655646812, 0.5235967300460259]",0.9138226466418532
60,k1,Virus1_KC_R1,0,3,0.7731720770114567,0.7345343825013791,0.7212281524557781,"[0.715061055015337, 0.701986414258224, 0.7033355596451009, 0.6547703856254815, 0.6567487148761424, 0.6496362079224866, 0.6640667420879833, 0.6431023539823147, 0.637925759078001, 0.5563850859720506, 0.5213570840306065, 0.526511385309139]",0.8988995905212332
61,k1,Virus1_KC_R1,1,3,0.7705366276206022,0.74356152076588,0.7238038037336102,"[0.7152975842871628, 0.7030785906299594, 0.7033597669363956, 0.6547733401082716, 0.6571773813947939, 0.6507181345333494, 0.6633519375613264, 0.6425223428988758, 0.638325360199629, 0.5549612463796165, 0.5204272078681066, 0.5252571826378591]",0.8979867455132641
62,k1,Virus1_KC_R1,2,3,0.7731689711417534,0.731771528180125,0.7377688378625926,"[0.7163151664950973, 0.7039410984978088, 0.7048492351113271, 0.654275811954608, 0.6567399281018007, 0.6501872061455548, 0.6627415730168588, 0.6431655590340373, 0.6372464483724611, 0.5560290430141708, 0.5219267469340926, 0.5256305060729282]",0.8968973908046413
63,k1,Virus1_KC_R1,3,2,0.7577837267630408,0.720408608946776,0.7337943260848353,"[0.7275325610029779, 0.7150560685371481, 0.7160414229429372, 0.6511542339377648, 0.6535201088554824, 0.6462919675943978, 0.6558125265979446, 0.6345360397198878, 0.6296229665186324, 0.5557626796442188, 0.520465120743294, 0.5253264232948335]",0.8940929326954283
64,k1,Virus1_KC_R1,4,3,0.7704368554818611,0.730815730694161,0.7282050195810761,"[0.7196492863818764, 0.7071127785978876, 0.7076235616562089, 0.6466875144343817, 0.650301118358837, 0.6425084763576954, 0.6540733437696798, 0.6332721645234297, 0.6276040870170078, 0.5531591056874782, 0.517910458952859, 0.5227497498624442]",0.8918491352375008
65,k1,Virus1_KC_R1,5,3,0.7700270553439569,0.7354098067315328,0.7338193388905837,"[0.7229457395910817, 0.7105632985877146, 0.7110848487315384, 0.6357078322124401, 0.6378671102839633, 0.6306055954265837, 0.6420992571941055, 0.6206722273594704, 0.6144883358375218, 0.548464619564319, 0.510570830072326, 0.5160652186273952]",0.8839099463373978
66,k1,Virus1_KC_R1,6,3,0.7687548949127954,0.734637213446827,0.7298635937332449,"[0.7187763302336444, 0.7055613728985954, 0.707020776330433, 0.6520093889111231, 0.6544878864645918, 0.6477654716523847, 0.6587987391431813, 0.6387297887482208, 0.6338572866421003, 0.5539032343054121, 0.5183885938697906, 0.5229793089420683]",0.8911311864164213
67,k1,Virus1_KC_R1,7,3,0.7720337017511015,0.7406852546041698,0.7455897930982107,"[0.7180362791839631, 0.7064102188023186, 0.7059849735275094, 0.6484066508363409, 0.6504610824712005, 0.643104717332832, 0.6573533512017773, 0.636518676965164, 0.6305766014405555, 0.5538647887631785, 0.5187713698716745, 0.521996370110349]",0.8936592264022885
68,k1,Virus1_KC_R1,8,3,0.7666205081509947,0.7320393936955405,0.7319908079463662,"[0.71591911361172, 0.7034549202364447, 0.7041644173303824, 0.6551634119616242, 0.6574213859971914, 0.650151168840343, 0.6640492493320462, 0.6438479752273286, 0.637902783777236, 0.5562131055302203, 0.5209131999687178, 0.5260821244307381]",0.9009351095534835
69,k1,Virus1_KC_R1,9,3,0.773785340706408,0.7394590204374067,0.729997921647273,"[0.7171131515361818, 0.7048181716875708, 0.7064644070104629, 0.6518743740637836, 0.6543127512674656, 0.6467382341096052, 0.6612673281060912, 0.6407822620317264, 0.6355718247702625, 0.5551463030075624, 0.5199073756987436, 0.5235282044260527]",0.8961097067744929
70,k1,Virus1_KC_R2,0,2,0.7732622021178689,0.7434227196776538,0.761063450006779,"[0.7131223321936849, 0.7002382591576245, 0.7013546314390466, 0.650724175199224, 0.6529093301964913, 0.6464669907984308, 0.6612190019181587, 0.640025622826372, 0.6343288375863047, 0.5560090425514913, 0.5194599991602189, 0.5243476227395564]",0.9013684614852239
71,k1,Virus1_KC_R2,1,3,0.7830438077039399,0.7472813938515863,0.7446014166322238,"[0.7253808179957818, 0.7128353673810879, 0.7139351825919193, 0.6536190949846505, 0.6564646100447128, 0.6487833440078892, 0.662994277789662, 0.641821160471545, 0.63742507410323, 0.5559238669823323, 0.5207102096805094, 0.5256333826734825]",0.8968241281834677
72,k1,Virus1_KC_R2,2,3,0.7851574644026388,0.7469432390570707,0.7484998777946258,"[0.7301876853912238, 0.7176588195633308, 0.7185619183232625, 0.6451897183038515, 0.6481223343496607, 0.6404368028849359, 0.6520313437944054, 0.630127184825406, 0.6239103301333496, 0.5537098743718523, 0.5164438663231179, 0.5217201976349691]",0.8945476560993653
73,k1,Virus1_KC_R2,3,3,0.7876626864380608,0.7490296937457365,0.752859270545194,"[0.7262441953075514, 0.7136108733361847, 0.7144604521126703, 0.6540579136162972, 0.6572674347739476, 0.6489682745547178, 0.6613050401287048, 0.6402099729524797, 0.6346798210570479, 0.5532304500300778, 0.5175573392072728, 0.523291494774961]",0.8981232308051894
74,k1,Virus1_KC_R2,4,3,0.7825101264380997,0.7443436505985792,0.7559988889327124,"[0.7215203385681788, 0.7086849707686267, 0.7096899408279909, 0.6571708089598975, 0.6600746767132513, 0.6528017265998367, 0.6666933490951626, 0.6456494456021095, 0.6411121457632776, 0.5548290400275563, 0.5214062380401865, 0.525644252531944]",0.903312385520432
75,k1,Virus1_KC_R2,5,17,0.7877240403649615,0.7512323445899661,0.7424251705730674,"[0.7233243006142197, 0.7106934978663545, 0.7110322145972868, 0.6483102800944103, 0.6502779934271774, 0.6430899296043815, 0.6567445148511506, 0.6345075312826836, 0.6294299239461977, 0.5565257166204209, 0.5199825671465639, 0.5245020142771858]",0.8981015825152879
76,k1,Virus1_KC_R2,6,3,0.795190569015982,0.7566330090815634,0.7456769479577926,"[0.7212083081592784, 0.7076534194629264, 0.7089280258660934, 0.6440204449552775, 0.6481852030065466, 0.6392347354516739, 0.652870092599663, 0.6322227217668902, 0.6256867201959821, 0.5508820038579656, 0.5153714723722796, 0.5191493894246999]",0.895919342395065
77,k1,Virus1_KC_R2,7,3,0.7883727640987745,0.756495978968223,0.7560046007413955,"[0.7281964702562564, 0.7154108222926419, 0.716443425981214, 0.6486503193876106, 0.6513383510337294, 0.643930280181796, 0.6562373770716979, 0.6345256192701633, 0.6287239067086825, 0.555871035236037, 0.5203100006300809, 0.524276688608679]",0.8968750132419384
78,k1,Virus1_KC_R2,8,4,0.7926062237167523,0.7551229531085416,0.7502852704385186,"[0.7280553124002154, 0.7157634499037805, 0.7158174366063736, 0.6492867455725627, 0.652266074768967, 0.6443395558461436, 0.6565873620788915, 0.6352309509343462, 0.6302839037159249, 0.5533645257381912, 0.517554065138209, 0.5227207719824444]",0.8935215875387111
79,k1,Virus1_KC_R2,9,3,0.7887873143848639,0.7477906941440984,0.7452708496544905,"[0.7273597294893506, 0.7145381547213994, 0.7150653686064549, 0.6498381455297437, 0.6526514386709419, 0.6448480546589155, 0.6559892025882124, 0.6347492695221352, 0.6288296924445773, 0.5540337754237346, 0.518774752534604, 0.5233209992996347]",0.8997044903663097
80,k1,Virus1_KC_R3,0,4,0.7832867565006553,0.7489891719602896,0.7475212418364348,"[0.7187688001265211, 0.7059579954001766, 0.7070019671970378, 0.6525926819428348, 0.6556657360644449, 0.6486390376083353, 0.6625381082559101, 0.6424385161347512, 0.636532303317252, 0.554057981189573, 0.5181465817917447, 0.5237349973349018]",0.8979168418279001
81,k1,Virus1_KC_R3,1,4,0.7844182952452559,0.7512333271542275,0.7387471805738997,"[0.7191990961781486, 0.7066755144048771, 0.7073874865435447, 0.6500787067723889, 0.6533818627107919, 0.6454594901346896, 0.6604569075007601, 0.639531493980807, 0.6335980771134189, 0.5531031307565563, 0.5186757936288264, 0.5232882171824332]",0.9011142323640112
82,k1,Virus1_KC_R3,2,3,0.7732349362029353,0.7406329493919551,0.7479188260640852,"[0.7249157726807666, 0.7130774404181336, 0.7136121007459715, 0.6541011432392545, 0.6572687842132251, 0.6491750555753938, 0.6619973648954488, 0.6410227937027807, 0.6351615318854172, 0.556423660054132, 0.5206074724055478, 0.5260307528230322]",0.9016003212010376
83,k1,Virus1_KC_R3,3,4,0.7906867219027932,0.7513716075833712,0.7438127772400681,"[0.7201903783909473, 0.7070955891309771, 0.7083986518729595, 0.6502430869173517, 0.6532299310247052, 0.6454221297898768, 0.6558342445014664, 0.634291115676851, 0.6285051031688886, 0.5537914536446471, 0.5186990724268656, 0.5219070184729804]",0.8966282750394359
84,k1,Virus1_KC_R3,4,3,0.77902889968474,0.742176679401991,0.7419326713919551,"[0.7256780755006786, 0.7131070006982262, 0.7142224451599999, 0.6547842804934412, 0.6582056415149179, 0.650184842851147, 0.6630169622455124, 0.6422238694480721, 0.6368047814548122, 0.5555224927259174, 0.5206368720092504, 0.5257996155077389]",0.8985869504072311
85,k1,Virus1_KC_R3,5,3,0.77102492083675,0.7444952702563349,0.7421778805550437,"[0.7287651873010675, 0.7162952879325756, 0.7167076545284451, 0.6482929448180716, 0.6511945386274919, 0.6431485380435423, 0.6563770116261618, 0.6346846606320683, 0.6292722260948381, 0.5552759496195157, 0.5188296974293286, 0.525275126931358]",0.8965330811112971
86,k1,Virus1_KC_R3,6,4,0.7722231499981699,0.7344929412438628,0.732560166921296,"[0.7262919922704725, 0.7137494301264882, 0.7155250042228014, 0.6568428389599664, 0.6593830624779793, 0.6514941343208426, 0.6653776461625424, 0.6440039696422548, 0.6388737920913999, 0.55481523724904, 0.519466805480643, 0.5251086837709452]",0.8983648959626093
87,k1,Virus1_KC_R3,7,4,0.7833227026939334,0.7519074217753144,0.7485272329220678,"[0.7211162723730972, 0.7083829717685275, 0.7100017411664102, 0.6528054339444739, 0.6559194896316572, 0.6489022015590741, 0.6603975686636734, 0.6394712619663309, 0.6342320707645902, 0.555149049395025, 0.5197905262100369, 0.5255396857998809]",0.8970681888777189
88,k1,Virus1_KC_R3,8,3,0.7697564054396207,0.7377207832743732,0.7376287519928891,"[0.7232415491090024, 0.7106671926658499, 0.7115434542065593, 0.6515053770415155, 0.6540387222194243, 0.6470487433312094, 0.6573994712973288, 0.6367585800702212, 0.6314885816893386, 0.5542566407841831, 0.5185164364327137, 0.5232914791057411]",0.8977222678937353
89,k1,Virus1_KC_R3,9,4,0.785224412091926,0.7415109217122647,0.7419222678909693,"[0.7148137293606867, 0.7023442835930669, 0.7036303835660556, 0.6544631092532106, 0.6569167165707851, 0.6496365026270294, 0.6629670593516165, 0.6424230233973702, 0.6373064048252657, 0.5535851533027962, 0.5186737077829475, 0.5219002912838511]",0.8968872133335942
90,k1,Virus2_KC_R1,0,3,0.6535078730345811,0.6075110428955061,0.5952998603541242,"[0.7278818488288438, 0.7158224335298415, 0.7167940825539814, 0.6194522869302643, 0.6221000715716624, 0.6143990926495073, 0.6155835528854955, 0.5928102783910517, 0.5863757569600897, 0.5334904171900384, 0.49781671014694234, 0.5043229389111153]",0.8620759408649538
91,k1,Virus2_KC_R1,1,4,0.6796287439035319,0.5959075966448362,0.5899121368996838,"[0.7127158124332549, 0.6995441081590384, 0.7005678454133574, 0.6137092773633125, 0.6160610049116952, 0.6089639400390687, 0.6101151839319217, 0.58730264791541, 0.5809781405055159, 0.5266953615447398, 0.49090641398200097, 0.49605192155861433]",0.861900377999244
92,k1,Virus2_KC_R1,2,3,0.6677029300840773,0.602722615395848,0.5998358518695757,"[0.7148142673234463, 0.7023356812695647, 0.7033163805990926, 0.6113559356667299, 0.6129672854244093, 0.6061594928074872, 0.6067426403926884, 0.5829693490962848, 0.5772587017326144, 0.5275466283798426, 0.4907433664487851, 0.4970472834797132]",0.8598638441567545
93,k1,Virus2_KC_R1,3,4,0.6722301141337682,0.6166134104401866,0.5957220668299759,"[0.7207373397826304, 0.7077545263282191, 0.7082984614944798, 0.6085162955567878, 0.6098586504430445, 0.6030273260780559, 0.6025961355058157, 0.5784473426165424, 0.5719621584870966, 0.52859717169016, 0.4904453417078851, 0.49777293507787174]",0.8635582963298317
94,k1,Virus2_KC_R1,4,4,0.6636461300484595,0.6104977891860685,0.5871509068159337,"[0.7201982378232342, 0.7063600153635576, 0.7073854724602615, 0.6096984710255301, 0.612438877928934, 0.6038425977054492, 0.6079579354484577, 0.583790646860915, 0.5772195655422663, 0.5314483677717745, 0.4931550231623383, 0.4994346859456868]",0.8714409035332191
95,k1,Virus2_KC_R1,5,4,0.6750152292460433,0.5936164428832996,0.592360038350664,"[0.7022706758809848, 0.6877311265910455, 0.6895418691969438, 0.5900318237591893, 0.5921967628259731, 0.5837178265280392, 0.5815510773219557, 0.5568748938106812, 0.5482013864722028, 0.5183542530473817, 0.4796968641534969, 0.4847074810968749]",0.8558391288383211
96,k1,Virus2_KC_R1,6,3,0.6664595974499166,0.6112560830705007,0.6028500000259414,"[0.7213391011157055, 0.7077531055760049, 0.7097311142461106, 0.6191778607424397, 0.620378467483148, 0.6130290888125811, 0.6116061052736106, 0.5879782974631004, 0.5812430566857678, 0.5350278402079042, 0.49792379390942937, 0.5047525480887528]",0.8679935069893233
97,k1,Virus2_KC_R1,7,3,0.6551042653885565,0.5915507162784396,0.6116960732411594,"[0.7128655902484714, 0.6982829430147683, 0.6999784406240477, 0.6121571128781343, 0.6139330786219586, 0.6069214996838019, 0.6064642833650282, 0.5825173727187196, 0.5757708364760943, 0.533353926890706, 0.493442047339248, 0.500808061695339]",0.8733741250901179
98,k1,Virus2_KC_R1,8,4,0.6720284061670909,0.6034922081830063,0.5951084732151111,"[0.7159453043246247, 0.7033630001040222, 0.7043869175083348, 0.6159071018895494, 0.6185624560363835, 0.6108653134643706, 0.6127374423803016, 0.588751662746241, 0.5828759068717061, 0.5342003427432493, 0.49668217628733724, 0.5011296008303142]",0.873255601888068
99,k1,Virus2_KC_R1,9,3,0.6535144721042745,0.6117028788686223,0.6156151742885999,"[0.7249472010826301, 0.712166735243215, 0.7128507227906878, 0.6048574630068874, 0.6065627753696147, 0.5990432616730282, 0.5972869975101561, 0.57310196268234, 0.5656729896396273, 0.5293146842312928, 0.4908848056265429, 0.49717422701010633]",0.8603511758206283
100,k1,Virus2_KC_R2,0,3,0.6532460564535947,0.5898262224639192,0.6098142467235912,"[0.7179056687932278, 0.7059794889173315, 0.7063690049799207, 0.5989033039457407, 0.6019959538337384, 0.5939140411739459, 0.5915932704366504, 0.5687425601242247, 0.5612377764782398, 0.5243719138747229, 0.48708363733598803, 0.49322327539670674]",0.8521516382736788
101,k1,Virus2_KC_R2,1,3,0.6741640487593341,0.59795444755119,0.5890018355342788,"[0.7072825631354801, 0.6952958983789972, 0.6969914886262247, 0.6111468226230805, 0.6136723653066603, 0.6056627589744461, 0.6068290842407288, 0.5842265945507051, 0.5774559012543037, 0.528910979263107, 0.49257872944954784, 0.49676432810577886]",0.8612134345235183
102,k1,Virus2_KC_R2,2,3,0.6605939686836175,0.5957563918757998,0.6071605713826761,"[0.7278974112592397, 0.7164956668247027, 0.7176694719163877, 0.6224452495877928, 0.6235046984834168, 0.6163030633282071, 0.6179183793350825, 0.595019671824274, 0.5881270999600495, 0.5385119148718146, 0.5027541372860282, 0.5086443494057565]",0.8690228974867217
103,k1,Virus2_KC_R2,3,35,0.6796728160466334,0.5911310201504586,0.5937842994048445,"[0.7131372787401283, 0.7011956068621434, 0.7019769408840658, 0.61728868695872, 0.6189207130707006, 0.6115013948407824, 0.6165471673082825, 0.5948891333659683, 0.5880224205380462, 0.5324862348091354, 0.4965878638859084, 0.5012293522973046]",0.8678548267374898
104,k1,Virus2_KC_R2,4,24,0.6681701600190186,0.5969548601818306,0.5841990613785889,"[0.7207355474943523, 0.7068860701528248, 0.7094320828727444, 0.6190407905505165, 0.6215385563609296, 0.614277875045576, 0.6137382978017749, 0.5906753615347536, 0.5843265978840724, 0.5323860443481239, 0.4960745127853113, 0.5018485380441011]",0.8676576041000413
105,k1,Virus2_KC_R2,5,3,0.6623284418033638,0.6045455581259206,0.5979980607388959,"[0.7134809720915852, 0.7002498791517705, 0.7020774426590345, 0.6228316947424407, 0.6249380811706684, 0.6187278339422588, 0.6204719467695075, 0.5991850419529169, 0.5919542299190028, 0.5357657379548681, 0.49940082403920677, 0.5049108870724872]",0.871254434015895
106,k1,Virus2_KC_R2,6,4,0.6559739582278493,0.610030071943734,0.5943392923415357,"[0.7247959270061185, 0.7132653774738361, 0.7148597740066125, 0.6372337283353733, 0.6389548801511609, 0.6322718130873948, 0.6376364304382279, 0.6162176521409161, 0.6099373213695247, 0.5463329143335117, 0.5114328488412083, 0.5160217775307454]",0.8822327089995623
107,k1,Virus2_KC_R2,7,4,0.6660417793242511,0.5949099029614553,0.5858943930877946,"[0.7214608071636716, 0.7090364302003437, 0.7101081015579604, 0.6129106185095855, 0.6154177307562866, 0.6080153745134237, 0.6075711563178736, 0.585273482293737, 0.5785676840410918, 0.5310200982851616, 0.4949621304395044, 0.5011033587151861]",0.8645357322695447
108,k1,Virus2_KC_R2,8,4,0.6573075563865091,0.6010432451928486,0.5878376701827445,"[0.7238813577557089, 0.7122444735346068, 0.7134181316705686, 0.6260898235718663, 0.6282418171821217, 0.6212216541980753, 0.6222233093130523, 0.6003103341022514, 0.5924205966051709, 0.5390416088671433, 0.503703613853269, 0.509220410331225]",0.8718377714401726
109,k1,Virus2_KC_R2,9,4,0.6623518644208448,0.5823781534186586,0.6059733823676584,"[0.7206622811343624, 0.7079823050032967, 0.7093261982862127, 0.6212262221331983, 0.6233279839949906, 0.6157386222963633, 0.6198622997276251, 0.5975131999532562, 0.5903648203796192, 0.5374020476084344, 0.5003865126075855, 0.5055574677224897]",0.8763505567144503
110,k1,Virus2_KC_R3,0,4,0.6834442786755078,0.6330361013241506,0.6249421431379983,"[0.7227843731739034, 0.7116500172671005, 0.7124731232514792, 0.6299139746627958, 0.6321254961728467, 0.6248026320283714, 0.6295114365909482, 0.6057467086355541, 0.599728641795037, 0.539106128018846, 0.5010828872321446, 0.5075008955314677]",0.8818908536514617
111,k1,Virus2_KC_R3,1,4,0.685738149475598,0.6296541767882721,0.6369320005867971,"[0.7224827936056667, 0.7103692744197063, 0.7112094710925123, 0.6190247148619309, 0.6207162722441583, 0.6144566069146975, 0.6124279780685747, 0.5884985046835539, 0.5824970212451502, 0.5331442537745628, 0.49625276162243714, 0.5022243289664227]",0.8726084114430102
112,k1,Virus2_KC_R3,2,4,0.69164600697321,0.6311294024287918,0.6194839400566328,"[0.7136718793577596, 0.7001327921081447, 0.7012822657946656, 0.6140114769414778, 0.616553659590969, 0.6085796329871487, 0.6119254135598987, 0.5886291767216233, 0.5822203660479925, 0.5276991847822045, 0.49013522502558665, 0.496785976005972]",0.8685999077274311
113,k1,Virus2_KC_R3,3,3,0.671429209983942,0.613551745413989,0.631739072235732,"[0.7241823004826556, 0.7111718809372787, 0.7130475930711303, 0.619497518811841, 0.6218354743008427, 0.6143364723535486, 0.61744469635499, 0.5941105403498517, 0.5875319626954585, 0.5397143945141526, 0.501362818569581, 0.5074439557932195]",0.8728233350176187
114,k1,Virus2_KC_R3,4,4,0.6787851608081026,0.6256685313852937,0.6142244992759015,"[0.7137857797727779, 0.7004068331418134, 0.7014368309406993, 0.5993383744850894, 0.6014507597675041, 0.5936535870736395, 0.5892842465932668, 0.5653979906550667, 0.5578326482219597, 0.5242471529899759, 0.483386236002684, 0.49097408092363287]",0.8594754556893316
115,k1,Virus2_KC_R3,5,24,0.6835183890680054,0.6328109613412686,0.6103849073187191,"[0.7227397641846525, 0.7110037814013642, 0.7121758581194438, 0.6212793452465502, 0.6232673226483294, 0.6165529595576272, 0.6183348407400472, 0.5952298091432846, 0.5888344448727743, 0.5381660316885243, 0.49865905220746426, 0.5056992879132709]",0.8760182276890213
116,k1,Virus2_KC_R3,6,4,0.6810794715290055,0.6275308553228903,0.6396428443615164,"[0.7189162209471741, 0.7064550008039469, 0.7071435226591536, 0.6201514274984353, 0.621555243767976, 0.6140497228270858, 0.6184416801386967, 0.5954603543096729, 0.5885756159118678, 0.5362039451899105, 0.4971123108992623, 0.504613399282082]",0.871573214588148
117,k1,Virus2_KC_R3,7,4,0.6761475110709697,0.6102353755713082,0.6140094627285156,"[0.7009784501434445, 0.6856258632656951, 0.6880522848815729, 0.5865352092565292, 0.5879828136172649, 0.5810171106507838, 0.5772297469503137, 0.5514623033439586, 0.5436570294332954, 0.515905962567482, 0.47597668746090693, 0.4821144921397551]",0.856194465740163
118,k1,Virus2_KC_R3,8,3,0.6699235037574364,0.6246219166686897,0.6194153926258691,"[0.7317258133023239, 0.7196486648639978, 0.7202749640267008, 0.6218255635206991, 0.6231906674532035, 0.6160401365242356, 0.616065161377986, 0.5920787260587594, 0.5864667240672229, 0.5382880092186372, 0.5005122794102796, 0.5078363419437001]",0.8704980900483549
119,k1,Virus2_KC_R3,9,3,0.6749321961727525,0.6212958590451509,0.6370400662048223,"[0.720872354444159, 0.7082922616699385, 0.7091675705271197, 0.615302377617291, 0.6171768358909596, 0.6100278084959982, 0.610625739339401, 0.5859373598085797, 0.5801848406123621, 0.5340093688357568, 0.4961991032538184, 0.5019297789814161]",0.8696604980732521
120,k3,Virus1_IT,0,3,0.8162504539757166,0.7859601572933618,0.7852451204308551,"[0.7809630148545903, 0.6420375564090147, 0.6219949760280028, 0.5646386666740282]",0.8577444107908674
121,k3,Virus1_IT,1,2,0.808126809115554,0.7839388065213408,0.7827238769957303,"[0.780037004751793, 0.6342768142544816, 0.6112068217467266, 0.5577492138992166]",0.8511739705715657
122,k3,Virus1_IT,2,3,0.8181844971531157,0.7861543810786438,0.7911077168733818,"[0.7777339096564209, 0.6300510143154651, 0.6098859448547383, 0.5536479980288107]",0.8480299966939018
123,k3,Virus1_IT,3,2,0.8064502597248037,0.7738350738416395,0.7881604343095802,"[0.784507956248538, 0.6462357167533177, 0.6235950760638369, 0.567876361018734]",0.8581190595469592
124,k3,Virus1_IT,4,2,0.8011296467977855,0.7697355717619598,0.7833591203389937,"[0.7760744654642849, 0.633495311008672, 0.6124232678493338, 0.5600117806720436]",0.8551188733481255
125,k3,Virus1_IT,5,3,0.8074218962536732,0.7777886172340259,0.7868826100072512,"[0.7791719691180634, 0.6361091880709402, 0.6148164563542948, 0.5608657340245559]",0.8562351044858778
126,k3,Virus1_IT,6,3,0.8133299767399033,0.7857302152139934,0.7818018075499089,"[0.7791947367204975, 0.6338694902202167, 0.6108191674763249, 0.5582391663307752]",0.8504018179803138
127,k3,Virus1_IT,7,3,0.8212291999658988,0.7901646793117183,0.7874496568351242,"[0.7794887925484514, 0.6404300097127383, 0.6200529812816664, 0.5645300164808871]",0.8575742109041554
128,k3,Virus1_IT,8,2,0.8067982384167572,0.776035295631182,0.7904347302526237,"[0.788867309378012, 0.6567108512828814, 0.6415691500868227, 0.5765167255629028]",0.8727887827147546
129,k3,Virus1_IT,9,3,0.8105430125623799,0.7809751120251507,0.7891922718874734,"[0.782536511284488, 0.6451007103029861, 0.6268982349881387, 0.5677190189682654]",0.8603483334792694
130,k3,Virus2_IT,0,3,0.8162844568365208,0.7857351352614693,0.7762272778649039,"[0.7660254252292789, 0.711469139393273, 0.7118846296564261, 0.6090348449594942]",0.9117053875592975
131,k3,Virus2_IT,1,2,0.803063545399163,0.7787886275967693,0.7930028070792743,"[0.7489041902279856, 0.7187627426037743, 0.7241198006598408, 0.6063138352647958]",0.9176825609795766
132,k3,Virus2_IT,2,2,0.8061312035236776,0.782345596366757,0.7811583427574644,"[0.7705072036231229, 0.7155022343296155, 0.7169318180869159, 0.610626222875958]",0.91582032112477
133,k3,Virus2_IT,3,3,0.8061740978656791,0.7775345680370231,0.78228298810584,"[0.7670375256831216, 0.7159971218203087, 0.7189568299822839, 0.6105673534556718]",0.9148397731278888
134,k3,Virus2_IT,4,3,0.8106877541121292,0.7774899840514259,0.7747670881530976,"[0.7631590440022687, 0.7130637614178317, 0.716281606302166, 0.6117685108098125]",0.9163853643980611
135,k3,Virus2_IT,5,3,0.808382727941336,0.7772233481483928,0.783038598776653,"[0.7680626673716225, 0.7145511052004623, 0.7180165206097239, 0.6117336353790461]",0.9149452072642718
136,k3,Virus2_IT,6,3,0.8067822483418838,0.774384929377007,0.7842606110461031,"[0.7677168111684854, 0.7098048303761825, 0.7104794068340763, 0.6116843166457177]",0.9115215481544483
137,k3,Virus2_IT,7,3,0.8098474568228405,0.7772068530010319,0.7750942008665367,"[0.7527556814838307, 0.7179121450461308, 0.719806003307363, 0.6077629951734733]",0.9175115913277949
138,k3,Virus2_IT,8,3,0.8059418008179352,0.7718877684673551,0.7759234168019152,"[0.7529354774077264, 0.71992481266659, 0.7250945356922602, 0.6069766887667266]",0.9186884129233391
139,k3,Virus2_IT,9,3,0.8162859057732642,0.7835567134540131,0.7737520560858444,"[0.7559477466020844, 0.7125030265511612, 0.7153428350592794, 0.6054717359348378]",0.910421107931462
140,k3,Virus1_KC,0,2,0.8313757282862261,0.8041232523499087,0.8156673962214738,"[0.7669787055172659, 0.7118857278307029, 0.7142876479211505, 0.6127536162974432]",0.9072333269327855
141,k3,Virus1_KC,1,3,0.8325121885502202,0.8099007084135971,0.813661664219962,"[0.7718941219374893, 0.7011988256417767, 0.7010989046406843, 0.6116668858526296]",0.8991015577720657
142,k3,Virus1_KC,2,2,0.8251516437069093,0.800692172264448,0.7996177740738922,"[0.7812418877742153, 0.7032599499910089, 0.7029278150721848, 0.6126281807103703]",0.9015778586064318
143,k3,Virus1_KC,3,2,0.8232241816518997,0.7976712284405957,0.7997540884361286,"[0.7760152631614825, 0.7056355043641831, 0.7059257431110157, 0.6130199676111225]",0.9017137757308101
144,k3,Virus1_KC,4,3,0.8289123615762849,0.7995701286804552,0.800450968600564,"[0.7734651420906237, 0.7044712249353334, 0.705582383038215, 0.6109740360053689]",0.8991632511899412
145,k3,Virus1_KC,5,3,0.8345216392004218,0.8072743772240173,0.8182009417840118,"[0.7699538455734655, 0.7099870993582362, 0.7110235708586646, 0.6148065606120908]",0.9055735703019511
146,k3,Virus1_KC,6,3,0.8310275183475287,0.8072478025019421,0.8077076172695442,"[0.7713162879799541, 0.7111310462610417, 0.7143636405005388, 0.6156704531304913]",0.9069071011205828
147,k3,Virus1_KC,7,2,0.835730102209366,0.8052517354346891,0.8038485174755727,"[0.7697357903169868, 0.7123250454611884, 0.7174423398285984, 0.6148237745095504]",0.9082657681726634
148,k3,Virus1_KC,8,2,0.8265746930241741,0.7964777127951633,0.8013847022212119,"[0.7644581396024709, 0.7090751641627551, 0.7116245915569447, 0.6135700226409235]",0.9076464724935349
149,k3,Virus1_KC,9,2,0.8299224153832055,0.8081365845510637,0.7929196150544998,"[0.7698863209749881, 0.7026747967211192, 0.7023843868987643, 0.6153872657985019]",0.9007122311761863
150,k3,Virus2_KC,0,2,0.7175671414036764,0.6832328099384387,0.6817568509317815,"[0.7720219703169549, 0.6823870092612475, 0.6711991163303223, 0.6008197546242506]",0.8813087662546992
151,k3,Virus2_KC,1,3,0.7325612240149587,0.685337343214565,0.6750898447394225,"[0.7636899442379832, 0.6703703637104275, 0.6596803151575926, 0.5900159474830896]",0.872399681168084
152,k3,Virus2_KC,2,2,0.7292841389340003,0.6837791338846219,0.6725715407902275,"[0.7750863775448417, 0.6862489363469575, 0.6793437753268753, 0.6039045622972171]",0.8853942758438699
153,k3,Virus2_KC,3,1,0.6978755762339461,0.6567084848741,0.6884246639395977,"[0.7757497390368385, 0.6910081051924563, 0.6791476805624896, 0.6045314271555815]",0.8889705459476223
154,k3,Virus2_KC,4,2,0.7179821211657708,0.6786706292297152,0.6648441178605692,"[0.7777901175900954, 0.6727639259771592, 0.6582115030975287, 0.5943454329713883]",0.8781925667475192
155,k3,Virus2_KC,5,2,0.7239332273113864,0.6697003662164432,0.6690445988227006,"[0.7680293426821806, 0.6764722251130619, 0.6645144090665034, 0.594255387981488]",0.8785318111204931
156,k3,Virus2_KC,6,2,0.7147979047294278,0.6755422482585554,0.6823608325783878,"[0.7712533586283338, 0.6872651975448222, 0.6791063214039259, 0.6063159134634136]",0.8900662295529471
157,k3,Virus2_KC,7,3,0.7375027001031756,0.6783354389159884,0.6801233750472825,"[0.7584518343918708, 0.6623084772985117, 0.6524985973855657, 0.5828189555222704]",0.8686476532995125
158,k3,Virus2_KC,8,2,0.7230769020559442,0.6837230640611635,0.6779686908993966,"[0.7732032174376888, 0.6683015526309485, 0.6572313179108166, 0.5926506568684925]",0.8765764629630446
159,k3,Virus2_KC,9,2,0.7025182981176765,0.6645939336582898,0.6981028842451575,"[0.7756143348648359, 0.6775025008365521, 0.6640380354909069, 0.597808699035184]",0.8791355346590646
160,k6,Virus1_IT_Virus2_IT,0,2,0.8424631831714391,0.8230143414875261,0.8331682999820909,"[0.8235482036855785, 0.8226599155683577, 0.8024264448008342, 0.80135578186261, 0.7730914112521547, 0.7723043426774407]",0.908731589624357
161,k6,Virus1_IT_Virus2_IT,1,3,0.8723910080931785,0.8546782806190176,0.8585828506613915,"[0.8398185989417061, 0.8412979324329027, 0.8234953147727365, 0.8131977252583915, 0.7857407099158201, 0.7870859236875585]",0.9205743921199716
162,k6,Virus1_IT_Virus2_IT,2,3,0.8806243753404,0.8619879423948084,0.8592217422084732,"[0.8397556705389978, 0.8407056508967711, 0.8243660258714417, 0.8117476876746949, 0.7852928564719733, 0.7862843067656208]",0.9191195902603054
163,k6,Virus1_IT_Virus2_IT,3,3,0.8726141970492266,0.8541763324587828,0.8491737885366051,"[0.8399551776167999, 0.8427826802423367, 0.8226574009137007, 0.8159451230882395, 0.7869150049990066, 0.790084627666592]",0.9236925724241409
164,k6,Virus1_IT_Virus2_IT,4,3,0.8821258659240973,0.8629477781198279,0.8511699867258656,"[0.836563211102438, 0.8386331903713456, 0.8228036867856103, 0.8076886664352247, 0.7811044116483745, 0.7829578532525335]",0.9168115472078456
165,k6,Virus1_IT_Virus2_IT,5,34,0.8687976546989113,0.8517817317904346,0.861642891374742,"[0.8421645294368713, 0.8440866789434518, 0.8236988378368797, 0.8175229044221244, 0.7883745127540456, 0.7906778228092067]",0.9242964003426992
166,k6,Virus1_IT_Virus2_IT,6,7,0.8697595508785014,0.8522970017799628,0.8544762008191849,"[0.8406624013472498, 0.8420384985692169, 0.8245869095092094, 0.812212773439688, 0.7844716922476944, 0.7861080380289855]",0.9197099241478237
167,k6,Virus1_IT_Virus2_IT,7,41,0.8782859193969521,0.8569025841493532,0.8581324334203797,"[0.8392912114321979, 0.8395718025382631, 0.8243017896877436, 0.8073675720174266, 0.7806077115877533, 0.7806825271777204]",0.9159510460257047
168,k6,Virus1_IT_Virus2_IT,8,8,0.8751155555499865,0.8558098637297886,0.8584979974508444,"[0.8404289565807633, 0.8422034908568291, 0.8251716546640058, 0.8125617100712944, 0.7853259332385812, 0.7870817892665423]",0.9205260372321383
169,k6,Virus1_IT_Virus2_IT,9,9,0.8756724234047514,0.8584725547752993,0.855091310917426,"[0.8393258955752586, 0.8386749821282402, 0.8250673927467186, 0.8093478923733199, 0.7843196476290065, 0.78284997723813]",0.9180458750624462
170,k6,Virus1_IT_Virus1_KC,0,9,0.8864114005042281,0.8713920381261738,0.8665904855456157,"[0.8390967509454167, 0.84057356658883, 0.8279170004756222, 0.8063317978795, 0.7813022404556731, 0.7827724311025666]",0.9124869984792223
171,k6,Virus1_IT_Virus1_KC,1,24,0.8844304262245486,0.8663781533214739,0.8602599651871947,"[0.8350856801593056, 0.8362604904467142, 0.8244664906411556, 0.8001838660903206, 0.7750802280900753, 0.7758440540566072]",0.9074870804395349
172,k6,Virus1_IT_Virus1_KC,2,7,0.8779506647607275,0.866528404761462,0.861938275183254,"[0.8371235018778278, 0.840177571282342, 0.8241596222412616, 0.8107181976385014, 0.7839197462051121, 0.7870493934910543]",0.9177081809552854
173,k6,Virus1_IT_Virus1_KC,3,8,0.8799129131058426,0.8620542742655508,0.8664847568374084,"[0.8337620432514196, 0.8332638602028388, 0.8252804967147596, 0.795001746941383, 0.7722629490874058, 0.7709242315266945]",0.9040205421968489
174,k6,Virus1_IT_Virus1_KC,4,7,0.8767291576676911,0.8505531877040041,0.8619725383320491,"[0.8324524573396332, 0.8311050234292232, 0.8251066104387462, 0.7925980863401302, 0.771624291954195, 0.7694113336394675]",0.9049610482504306
175,k6,Virus1_IT_Virus1_KC,5,8,0.8808633468619824,0.8631274144200839,0.8712459168224707,"[0.8322359762790252, 0.8310783009386428, 0.8247192418524952, 0.7917453335160852, 0.7704254413504772, 0.7685538773892882]",0.9036973693343167
176,k6,Virus1_IT_Virus1_KC,6,25,0.8884603384416001,0.8684856053808178,0.8635242057814301,"[0.834797043030307, 0.8346717832441721, 0.8267802293539103, 0.7983846065160389, 0.7763067113979133, 0.7753569284238795]",0.9096307606458085
177,k6,Virus1_IT_Virus1_KC,7,23,0.882301089720189,0.8676132313476764,0.8679266316969381,"[0.8332091638847536, 0.8347663706992855, 0.8242601812844433, 0.8000710772648443, 0.7764454067946005, 0.7774156093784858]",0.9095254834486354
178,k6,Virus1_IT_Virus1_KC,8,23,0.8836054218891881,0.8659068996155873,0.8705065138275744,"[0.8387568383387194, 0.8405817835543085, 0.8272530692981132, 0.8071396353526179, 0.7816212106598105, 0.7833773203883392]",0.9148508331566212
179,k6,Virus1_IT_Virus1_KC,9,60,0.8877293794891719,0.8678705671069682,0.8680422128747811,"[0.831313315403378, 0.8312686811753331, 0.8243935443095337, 0.7929158512462015, 0.7710813405482273, 0.7703770473240825]",0.9035830784085583
180,k6,Virus1_IT_Virus2_KC,0,207,0.8540665684769795,0.8333693793985488,0.8243999233368208,"[0.8277712178957677, 0.8254786452264684, 0.8219370878055932, 0.7837848895494778, 0.7635561950780081, 0.7611016869146762]",0.8976983028555635
181,k6,Virus1_IT_Virus2_KC,1,3,0.8566550708643987,0.8232691579475587,0.8368078515714529,"[0.808640093830301, 0.8050244910785048, 0.8085073731830817, 0.7588475895976275, 0.7427982630796375, 0.7382843300175402]",0.8795232742450507
182,k6,Virus1_IT_Virus2_KC,2,2,0.8539279490226902,0.8330662350962875,0.8347035731614725,"[0.8176647099789615, 0.8126255315428991, 0.8152852703789897, 0.7659651601209171, 0.7493925136973282, 0.7430379603592772]",0.8858378502796312
183,k6,Virus1_IT_Virus2_KC,3,2,0.8498367735108627,0.8233491700645031,0.8383945416456773,"[0.8219400142009908, 0.81774144996116, 0.8178516213954209, 0.7726248037918771, 0.754504496979341, 0.7493122085656891]",0.8901019540182628
184,k6,Virus1_IT_Virus2_KC,4,3,0.8562592878680696,0.830288344335693,0.8280833934634418,"[0.8198473196545167, 0.8168180877015122, 0.817195413422443, 0.7717829635852453, 0.7538789265758037, 0.7502669845799063]",0.891369630711086
185,k6,Virus1_IT_Virus2_KC,5,2,0.8504697115104437,0.8237920210539399,0.8261717387857893,"[0.8216880217210941, 0.8168838327604054, 0.8181480377133528, 0.7711260866427501, 0.7533811987113703, 0.7479477998186412]",0.889884439166123
186,k6,Virus1_IT_Virus2_KC,6,3,0.8532563096541476,0.8291937617042647,0.8335195305677965,"[0.8171335551117326, 0.8129181101519819, 0.815245947658218, 0.7668501494650249, 0.7497249372686702, 0.7445968088657519]",0.8882638789872023
187,k6,Virus1_IT_Virus2_KC,7,2,0.8263101673561539,0.8054620424862682,0.8175557689197983,"[0.8195925191800184, 0.8153771401217719, 0.8114716805188128, 0.7790993246248028, 0.759293462326025, 0.7543944436155657]",0.8945221715759558
188,k6,Virus1_IT_Virus2_KC,8,3,0.8530532182481022,0.8322287693847444,0.8205382388079832,"[0.812954855512069, 0.8074948319350123, 0.8119379420302703, 0.7601763503051274, 0.7450611951406156, 0.7381791482119807]",0.8829182921247521
189,k6,Virus1_IT_Virus2_KC,9,3,0.8521246813626124,0.8306810557716432,0.8267436691882025,"[0.8180948585991284, 0.815007446868114, 0.8157768152086291, 0.7701992792949919, 0.7524222106916335, 0.7485182834994273]",0.8916849194267552
190,k6,Virus2_IT_Virus1_KC,0,2,0.8880637619265419,0.8734011936673741,0.867388678698639,"[0.8364614709870511, 0.8388616415674608, 0.8221563778995274, 0.8121373073694745, 0.7856077443449524, 0.7881826227745569]",0.9171345324911527
191,k6,Virus2_IT_Virus1_KC,1,2,0.8905574581666973,0.8781828191802492,0.8707986601887489,"[0.8414441287270051, 0.8452846730202299, 0.820538046565825, 0.8243967609166578, 0.7934440968357525, 0.7983609553055794]",0.924677101396051
192,k6,Virus2_IT_Virus1_KC,2,2,0.8862662730214594,0.8714424490448327,0.865740147462496,"[0.8393118611376453, 0.8435421798724191, 0.8180768919224154, 0.8229434741179982, 0.7913852915277994, 0.7964791033998588]",0.922559518188325
193,k6,Virus2_IT_Virus1_KC,3,3,0.8912056490428092,0.8736145040370962,0.8748966637876237,"[0.8360263914058165, 0.8405895154175059, 0.8139567920548726, 0.8216000374278102, 0.7895509985497438, 0.7956939266762814]",0.9213500954184736
194,k6,Virus2_IT_Virus1_KC,4,2,0.8809489640094724,0.8652751960456101,0.8695739340866324,"[0.8280683765174888, 0.8328807874480172, 0.8032029277097275, 0.8205360934483824, 0.7880911329959206, 0.7944228011688401]",0.9216588018388061
195,k6,Virus2_IT_Virus1_KC,5,3,0.8864963136201391,0.8690890012928864,0.8738713906019895,"[0.8365139227869912, 0.8391110756094061, 0.8179070793216571, 0.8177559903708912, 0.7889128177391769, 0.791948194963465]",0.919507405716982
196,k6,Virus2_IT_Virus1_KC,6,2,0.8945783961085031,0.8740972852770664,0.8728525015329625,"[0.8368282748459333, 0.8399582926239068, 0.821673754151578, 0.8137874118942706, 0.785923724761249, 0.7898794450554882]",0.918093441746326
197,k6,Virus2_IT_Virus1_KC,7,2,0.8853104770730881,0.8689941784095288,0.8638204491219711,"[0.833441219771391, 0.8359269059345151, 0.8194421009844975, 0.8106739194379401, 0.7842500897547726, 0.7877662092007256]",0.9147050092275228
198,k6,Virus2_IT_Virus1_KC,8,2,0.8846918275581771,0.8684253804709327,0.8740560694633852,"[0.8404630040592476, 0.8431342182869681, 0.8235032681095542, 0.8187221585259882, 0.7907678329062326, 0.7943306199376878]",0.9206602582668845
199,k6,Virus2_IT_Virus1_KC,9,2,0.8845798746921404,0.8676296752328658,0.8667321750252528,"[0.8335738646155925, 0.8367855320026264, 0.8150787825631955, 0.8169663776495062, 0.7884192569428504, 0.792754497010616]",0.9193886366173643
200,k6,Virus2_IT_Virus2_KC,0,2,0.8590321762457526,0.8364626516250157,0.831881914759356,"[0.8344518149023339, 0.8344921868814611, 0.822091957229317, 0.8049945567750361, 0.7807404736284412, 0.7809270228991395]",0.9144851890212542
201,k6,Virus2_IT_Virus2_KC,1,2,0.8572350028316287,0.8340968911008936,0.8341120465775514,"[0.8408669852560503, 0.8420577403243135, 0.821615022633719, 0.8185001657696079, 0.7904889487671029, 0.7921015857502421]",0.9219870238128601
202,k6,Virus2_IT_Virus2_KC,2,3,0.8621174154818503,0.8463193777037152,0.8351828095692304,"[0.8373187527095324, 0.8395906599402274, 0.8194835771379254, 0.815332270490439, 0.7866350542957037, 0.7899261522754732]",0.9188018934140317
203,k6,Virus2_IT_Virus2_KC,3,3,0.8597180734212373,0.8406311013693567,0.8404954366886113,"[0.8375024179529575, 0.8387285943231105, 0.8230762105769629, 0.8096992148239969, 0.7837963577337558, 0.7856399419241613]",0.9167487588022396
204,k6,Virus2_IT_Virus2_KC,4,2,0.8521236546861624,0.8294770784429233,0.8337454125702258,"[0.8342824557170525, 0.8362279212790689, 0.8177911629927868, 0.812189144777221, 0.7851073028870481, 0.7876255619779845]",0.9188572822326233
205,k6,Virus2_IT_Virus2_KC,5,2,0.8621689076934885,0.8422729299626941,0.8403885048774139,"[0.839090630786067, 0.8406454675510857, 0.8214284895256476, 0.8156579158955826, 0.7875996553636174, 0.7900191456102743]",0.9185024629980268
206,k6,Virus2_IT_Virus2_KC,6,2,0.8570408601340564,0.8394653687510714,0.8354276754881887,"[0.839317645617403, 0.8417134482766314, 0.8218963999044139, 0.8173652057842984, 0.7888822205799378, 0.7923357501216731]",0.9205453736417537
207,k6,Virus2_IT_Virus2_KC,7,2,0.8600094931249241,0.8373588777934831,0.83067612887425,"[0.837645438088593, 0.8391444175191054, 0.8212268525530954, 0.8131775638825021, 0.7863512371474627, 0.7877359605289114]",0.9174502394073119
208,k6,Virus2_IT_Virus2_KC,8,2,0.8621585052543036,0.8421301459379534,0.8447815422801482,"[0.837735243623667, 0.838644040990025, 0.8228114114597735, 0.8108603617134907, 0.7849711850167841, 0.7861465553422696]",0.9157659339425719
209,k6,Virus2_IT_Virus2_KC,9,3,0.8566038579517533,0.8427059701903933,0.836149008297192,"[0.8281767176749536, 0.8297612725382341, 0.8187346469596165, 0.798802795623535, 0.7746823441625034, 0.7768262616835521]",0.9094484137972906
210,k6,Virus1_KC_Virus2_KC,0,2,0.8638798406091218,0.8461229351160748,0.8455843789998982,"[0.8370056480196738, 0.8399796278122595, 0.8222659869483563, 0.8134833771856467, 0.7866202694856179, 0.7903002384075635]",0.9142564407964526
211,k6,Virus1_KC_Virus2_KC,1,3,0.8687843977700345,0.8539294336733942,0.8362891819362867,"[0.8377710581322295, 0.8411141316879837, 0.8223421166699708, 0.8146050802512539, 0.78665833211835, 0.7904568613199254]",0.9141868585093251
212,k6,Virus1_KC_Virus2_KC,2,3,0.8732191205513626,0.8475939477508241,0.846276330836238,"[0.8340660773204667, 0.836328648855514, 0.8239446564501571, 0.8048210744964288, 0.7803863036398502, 0.7833537081535275]",0.9079895682322945
213,k6,Virus1_KC_Virus2_KC,3,3,0.8660269206497229,0.8443610267256142,0.8517677221757198,"[0.8380794125068208, 0.8411130543120893, 0.8224720235837043, 0.8155057409910054, 0.7879081767567059, 0.7917526730577478]",0.9163726038513531
214,k6,Virus1_KC_Virus2_KC,4,3,0.8748168243890481,0.8516050292791391,0.844778292904306,"[0.8307806671162049, 0.8325042143513054, 0.8208411185748613, 0.7988452852641962, 0.7750787866177986, 0.7768248115948427]",0.9055223216645151
215,k6,Virus1_KC_Virus2_KC,5,3,0.8682720263802987,0.84896734747837,0.8486641516359797,"[0.8352859372431286, 0.8388162623278695, 0.8239481286680168, 0.807678810907657, 0.7814533941372036, 0.7854803799095389]",0.9082810570792911
216,k6,Virus1_KC_Virus2_KC,6,3,0.8719071273710028,0.844082544320482,0.8483703134262359,"[0.8310919647119729, 0.8329955637162002, 0.8228856387098705, 0.799123870946128, 0.7758034090076745, 0.7780455725201701]",0.9055349104888617
217,k6,Virus1_KC_Virus2_KC,7,2,0.8613158007767431,0.839365440572099,0.8569018383159657,"[0.8273297317401292, 0.8273603517182904, 0.8214226119477496, 0.7912226252328112, 0.770463386587044, 0.770380364560368]",0.9001103780836992
218,k6,Virus1_KC_Virus2_KC,8,3,0.8683919013877701,0.8439945550828637,0.8515543335007016,"[0.8350470527467421, 0.8357313577865126, 0.8244417730213521, 0.8030240015969036, 0.7793488920406613, 0.7801470676044928]",0.9048424274883504
219,k6,Virus1_KC_Virus2_KC,9,2,0.8657346847145668,0.8433080379158265,0.84740220458313,"[0.8298961088353692, 0.8302252325015171, 0.8229337630563219, 0.795162488289656, 0.7742528646564257, 0.7741411096810209]",0.9042161567195948
220,k12,CodonRep1,0,3,0.9207455372665188,0.9078768502970708,0.9027629775525223,"[0.8782981363748721, 0.8789823841119035]",0.9227444861037696
221,k12,CodonRep1,1,2,0.9162032428651998,0.9048218496309665,0.8998638221351981,"[0.876949200412659, 0.8780746225036701]",0.9228893073442691
222,k12,CodonRep1,2,2,0.9090353031769769,0.894646015347759,0.9064764621213564,"[0.8805827954935513, 0.881869575615625]",0.9250836474776216
223,k12,CodonRep1,3,1,0.9011676201882006,0.8880575941305499,0.8873736750111247,"[0.862733394566121, 0.8640852101928058]",0.910251511340294
224,k12,CodonRep1,4,2,0.9126682389402087,0.8989837813045227,0.8993603336047787,"[0.8764845150571293, 0.8776528971954966]",0.9213891541113575
225,k12,CodonRep1,5,2,0.9085337624669801,0.8943149901144044,0.8980484371981615,"[0.8769963880869226, 0.8779782743128488]",0.9223430826733808
226,k12,CodonRep1,6,2,0.9137338789631677,0.9007792518991485,0.9007631427730309,"[0.874637528353922, 0.8762646696668314]",0.9195246376386986
227,k12,CodonRep1,7,2,0.9085733473851371,0.8957631749552268,0.9001061482249764,"[0.8759819063797565, 0.8769823697608748]",0.9215601631948426
228,k12,CodonRep1,8,1,0.9041909988464392,0.8876846916829205,0.8977863958272546,"[0.8691581359465803, 0.8700740818190771]",0.9147604086074546
229,k12,CodonRep1,9,2,0.9092174449744747,0.898930707130969,0.9045306636259857,"[0.8760493884534925, 0.8770132870769911]",0.9217114966802801
230,k12,CodonRep2,0,2,0.9144312096323616,0.9016174310021337,0.8994125506186555,"[0.8767940681617615, 0.8779013419370353]",0.921929162901743
231,k12,CodonRep2,1,3,0.9211005945010734,0.9047654472404911,0.8955249798782862,"[0.8780209425692779, 0.8789181055149429]",0.9214199102684131
232,k12,CodonRep2,2,2,0.9130422535400523,0.9003249436077078,0.9023786231100809,"[0.8750609713741948, 0.8762749687662638]",0.921831347432467
233,k12,CodonRep2,3,2,0.9136754541048626,0.9013136639157634,0.8931585854924373,"[0.873278219579181, 0.8741970280727773]",0.9192151008610329
234,k12,CodonRep2,4,2,0.9179692072384384,0.9041002696796308,0.8997170032064667,"[0.8801652551687483, 0.8817707112565357]",0.9257205131610518
235,k12,CodonRep2,5,2,0.9157205736965379,0.9019097527351279,0.8998242422157757,"[0.8758971444222198, 0.8772631050960907]",0.9223162798611784
236,k12,CodonRep2,6,2,0.9155567267022913,0.9008854445004326,0.8924810312241005,"[0.8767280341768618, 0.8777436886629144]",0.922439417377483
237,k12,CodonRep2,7,2,0.9130990769863263,0.8992347985471782,0.8951694935649346,"[0.8761754091729536, 0.8773288669414407]",0.9218565145152157
238,k12,CodonRep2,8,2,0.9073710324901082,0.891246319651364,0.8915309856156944,"[0.8806039072352208, 0.8816744931791033]",0.9267352786073496
239,k12,CodonRep2,9,1,0.9009628410172144,0.8884038641590359,0.8957439683338588,"[0.8757494182243568, 0.8769253664662585]",0.9226412521168496
240,k24,AllcodonReps,0,1,0.9308975669921418,0.9205648183083254,0.9196567033609923,[0.9106826881035999],0.9295893526467074
241,k24,AllcodonReps,1,3,0.9367828703052793,0.9260149741954483,0.9214395123851288,[0.9118806068926212],0.930482837372301
242,k24,AllcodonReps,2,3,0.936393503092394,0.9255637764081792,0.928186681188203,[0.911625774218285],0.9309642453897787
243,k24,AllcodonReps,3,2,0.933257325224675,0.9224527404621882,0.9237685817426626,[0.9074073646504506],0.9280199992547883
244,k24,AllcodonReps,4,2,0.9319250246271115,0.9230413754663056,0.9220824760890967,[0.9069944573549908],0.9269051149325293
245,k24,AllcodonReps,5,2,0.9363995012518984,0.927366118281788,0.9250885941214942,[0.9113942354014533],0.9303042984187853
246,k24,AllcodonReps,6,2,0.9351085659505207,0.9245241153824656,0.9205413794271344,[0.9144212236126321],0.9317690791350344
247,k24,AllcodonReps,7,8,0.937223446127694,0.9255882691579046,0.9225879189858001,[0.9062880952932635],0.924989198169467
248,k24,AllcodonReps,8,2,0.9329211092739879,0.9221028503948705,0.9229635815116807,[0.9113721876129027],0.9287508752663675
249,k24,AllcodonReps,9,2,0.9338382014838609,0.9218230111425374,0.9215272628280315,[0.9098833189765839],0.9297798218697818
